n,CoCycle_Period,OSweep_Period,MinExpand_Period,PDBA_Period,KMeans_Period,Kruskal_Period,BKruskalGra_Period,CoCycle_Time,OSweep_Time,MinExpand_Time,PDBA_Time,KMeans_Time,Kruskal_Time,BKruskalGra_Time
50,136.18433979200512,139.03850297940764,151.72857927779143,321.7078329855404,154.98473767292344,0.0,154.12070124009784,0.0008167910018528346,0.00039262499922188,0.04300449999936973,0.025162833000649698,4.934090499999002,0.9126544999999169,2.580535958000837
100,216.75331334710864,215.13549878296416,235.2183098826819,424.2566254137334,196.82430260968394,0.0,178.56020860922712,0.0016023749994928949,0.0013222919988038484,0.35277887499978533,0.17883108299793093,4.568626625001343,4.3428101659992535,8.627221167000243
150,258.08109422690984,263.4185081376465,250.9111526171263,692.6254471262664,234.71439125767,0.0,234.26169068450173,0.0030542919994331896,0.0030773749967920594,1.432963582999946,0.6238747919996968,8.771940583999822,8.989433208000264,16.376279790998524
200,296.1844544518657,286.3114469711679,273.1034642403622,1123.5194015810412,262.0221184738025,0.0,280.6604113268824,0.004075624998222338,0.005047667000326328,3.555067290999432,1.5836237920011627,14.908743583000614,17.184327541002858,37.989425208001194
250,324.8296077009457,331.1902609758677,297.8745902472004,1137.20621862357,285.4641902149168,0.0,295.5751802852643,0.009203792000334943,0.012786249997589039,9.798173709001276,3.469385542000964,13.601354417001858,24.52475766600037,63.993518416998995
300,357.49749272368155,367.7168579256131,319.01735691556013,1847.0084365847329,297.40419709665696,0.0,295.5910085885103,0.009058334002475021,0.014681625001685461,14.049737249999453,6.381198832998052,20.10530208400087,38.92388199999914,80.88023545900069
