n,CoCycle_Period,OSweep_Period,MinExpand_Period,PDBA_Period,CoCycle_Time,OSweep_Time,MinExpand_Time,PDBA_Time
50,135.8795333647586,137.37935573182017,138.4661138615936,235.43801105757075,0.0006989170033193659,0.00035195799864595756,0.03648633299962967,0.019581666001613485
100,206.64449896796327,206.7432483010742,208.85874502091053,535.8273220664274,0.001534040999104036,0.0010248329999740236,0.3334278330003144,0.15619658300056471
150,254.2520692881404,248.55034822010697,237.56429978947824,821.6584889099134,0.002438292001897935,0.0019399170014366973,1.4355009169994446,0.629917917001876
200,276.9583721021757,302.2618111503979,268.3014467285736,1072.0133310421616,0.003782749998208601,0.0034586250003485475,3.3906067089992575,1.3843413750000764
250,344.2034904103413,339.8788018495793,331.15005299933335,1414.206810633948,0.006182957997225458,0.007633125002030283,5.923356791998231,2.9611942079973232
300,369.30695729309275,373.2231839778472,326.3041181263041,1691.34037491339,0.0200089999998454,0.00967533299990464,16.308798707999813,5.533463415998995
