n,CoCycle,OSweep,MinExpand,PDBA
Results of 100 points:
 CoCycle:86.36976947927319,
 OSweep:100.23197286697504,
 MinExpand:98.30938147869948,
 PDBA:246.90078318309543
