Scenario,CoCycle,OSweep,MinExpand,KMeans,Kruskal,BKruskalGra,Best_K_KMeans,Best_K_Kruskal,Best_K_BKruskal
Uniform,309.2381884204055,305.5047609441646,292.83409389138797,279.60542614702683,279.60542614702683,296.6181169326308,1,1,1
Balanced_Clusters,139.09421951113023,143.42992150786898,128.30854013233102,139.5403616067816,127.92991551989542,137.71868520346422,1,2,1
Unbalanced_Clusters,134.56709767439537,132.15612516912122,144.12247643451235,128.88624654441418,128.88624654441418,116.39524948953893,1,1,1
Linear_Structures,118.35097422102773,129.09822949409036,100.731718253232,136.96297625729323,136.96297625729323,118.76113885997404,1,1,1
