n,CoCycle_Period,OSweep_Period,MinExpand_Period,PDBA_Period,CoCycle_Time,OSweep_Time,MinExpand_Time,PDBA_Time
100,86.36976947927319,100.23197286697504,98.30938147869948,246.90078318309543,0.0014232500034268014,0.0010315830004401505,0.4601552080021065,0.15462354100236553
