n,CoCycle_Period,CoCycle_Time,OSweep_Period,OSweep_Time,MinExpand_Period,MinExpand_Time,PDBA_Period,PDBA_Time
100,86.36976947927319,0.0014474170020548627,100.23197286697504,0.0010320410001440905,98.30938147869948,0.47672195799896144,246.90078318309543,0.1529007079989242
