n,CoCycle_Period,OSweep_Period,MinExpand_Period,PDBA_Period,KMeans_Period,Kruskal_Period,BKruskalGra_Period,CoCycle_Time,OSweep_Time,MinExpand_Time,PDBA_Time,KMeans_Time,Kruskal_Time,BKruskalGra_Time
50,145.40886015436118,149.33426911138173,157.79220789490762,262.6561520650883,115.02033521592216,115.02033521592216,114.54321923738209,0.0008289170000352897,0.00039116700281738304,0.03963104200011003,0.024743292000493966,5.63725283399981,1.6241553330000897,4.501532207999844
100,203.91044559152732,216.97233769264295,205.0254138149616,486.91075191449926,154.19205857371804,154.19205857371804,153.76654450252903,0.0016029159996833187,0.0011951669985137414,0.3584942500019679,0.18315220800286625,9.468125292001787,7.431268375003128,24.823557042000175
150,239.66513016322673,262.2421391132483,272.6835147462627,806.1069938937342,183.43934760784614,183.43934760784614,182.79166693332613,0.002728499999648193,0.0023774170003889594,1.4443496669991873,0.6187508340008208,15.654550875002315,21.06480270799875,57.10421320800015
200,293.72103168136493,288.864014529014,288.60730100646776,949.154549190827,210.58171707596392,210.58171707596392,209.63867750169715,0.003974499999458203,0.005239791000349214,4.672480042001553,1.6592994999991788,21.80945512499966,43.51279445899854,116.76482816700081
250,344.1275646474489,335.26168662369054,302.51228192219395,1211.7595357918524,243.2597921265163,243.2597921265163,243.11262823211558,0.007776375001412816,0.012874541000201134,13.03265383300095,3.6748340419981105,36.58064341700083,70.18732649999947,198.17685683300078
300,378.48926846764573,373.3644238192574,350.39331149186086,1747.1332599595191,266.0186624141652,266.0186624141652,266.66825915566244,0.01267799999914132,0.013020124999457039,20.370134083001176,7.196546833001776,51.60914324999976,118.24326749999818,333.71732150000025
