n,CoCycle_Period,OSweep_Period,MinExpand_Period,PDBA_Period,KMeans_Period,Kruskal_Period,BKruskalGra_Period,CoCycle_Time,OSweep_Time,MinExpand_Time,PDBA_Time,KMeans_Time,Kruskal_Time,BKruskalGra_Time
50,157.69895772173024,150.08479214385744,146.4311418377757,246.7192181762867,129.4948415601747,129.4948415601747,135.94200247701133,0.0008458340016659349,0.0004070000031788368,0.03789741600121488,0.024346000001969514,4.139663375000964,0.7769590409989178,0.6624681659995986
100,215.45807205565643,218.01379241772457,197.93717198928513,490.34491947143164,183.6191909497824,183.6191909497824,177.44151191159037,0.001534082999569364,0.0011864999978570268,0.38465404200178455,0.18345408299865085,6.002263041998958,3.741928833998827,2.1082555419998243
150,247.95358533819982,239.37042252941356,248.39041308528806,942.8306482873513,212.78127858463895,212.78127858463895,229.74771468424797,0.0025484999969194178,0.0023293750018638093,1.3987155000031635,0.6285319999988133,5.623996124999394,8.30462154199995,5.376340082999377
200,294.19816902267706,300.6176217937325,286.1766551593393,778.3118460086616,268.3852362971006,268.3852362971006,281.2278749651918,0.003927750000002561,0.004573165999318007,3.5419068339979276,1.5771489580001798,11.431869915999414,16.063419707999856,9.225770833996648
250,321.6888360700411,319.1984875505195,319.3426155405188,1228.6377589989688,283.2452017112524,283.2452017112524,297.8738166555414,0.005770583000412444,0.007720165998762241,7.899595792001492,3.4301693749985134,16.297511415999907,25.15337887500209,22.012995083001442
300,349.3684943148355,356.2120218934211,345.45110867106035,1670.627607364582,318.4343081070074,318.4343081070074,320.27945970928783,0.012161208000179613,0.015836333001061575,20.576189167000848,6.679183249998459,27.248506832998828,42.29726754100193,29.252537000000302
